<?xml version="1.0" encoding="UTF-8" standalone="yes"?>
<addons>
<addon id="plugin.audio.boilerroom" name="Boiler Room" version="1.0.8" provider-name="Halow">
  <requires>
    <import addon="script.module.simplejson" version="3.3.0"/>
    <import addon="xbmc.python" version="2.1.0"/>
    <import addon="script.module.t0mm0.common" version="2.0.0"/>
    <import addon="plugin.video.youtube" version="3.0.0"/>
    <import addon="script.module.urlresolver"  version="2.1.2"/>
    <import addon="script.common.plugin.cache" version="2.5.2"/>
    <import addon="script.module.metahandler" version="2.5.1"/>
  </requires>
  <extension point="xbmc.python.pluginsource" library="default.py">
        <provides>audio</provides>
  </extension>
  <extension point="xbmc.addon.metadata">
    <summary lang="en"></summary>
    <description lang="en"></description>
    <platform>all</platform>
  </extension>
</addon>


<addon id="plugin.video.Halow"
       name="HALOW LIVE"
       version="4.3"
       provider-name="Halow">
  <requires>
    <import addon="xbmc.python" version="2.1.0"/>
  </requires>
  <extension point="xbmc.python.pluginsource"
            library="default.py">
        <provides>video</provides>
  </extension>
  <extension point="xbmc.addon.metadata">
      <summary>Halow TV</summary>
    <description>[COLOR red]Free Halow TV Live is free for all containing different live channels from different countries free for the whole world.[/COLOR]</description>
    <platform>all</platform>
  <license> Halow TV Public License. Version 3, 1 juni 2015</license>
    <website>https://github.com/HalowTVy</website>
    <source>https://github.com/HalowTV</source>
    <forum>http://forum.kodi.tv/showthread.php?tid=215845</forum>
  </extension>
</addon>