<?xml version="1.0" encoding="UTF-8" standalone="yes"?>
<addon id="plugin.video.Halow" name="[COLOR red]HALOW [COLOR green] LIVE[/COLOR]" version="4.5" provider-name="Halow">
  <requires>
    <import addon="xbmc.python" version="2.1.0"/>
  </requires>
  <extension point="xbmc.python.pluginsource" library="default.py">
        <provides>video</provides>
  </extension>
  <extension point="xbmc.addon.metadata">
    <summary lang="en">Halow TV:
</summary>
    <description lang="en">[COLOR red]Free Halow TV Live is free for all containing different live channels from different countries free for the whole world.[/COLOR]
</description>
    <platform>all</platform>
  </extension>
</addon>
